ID,type,area,length,elevation,pos_x,pos_y,footprint
0,building,63.38000000233762,48.417695817607886,17.34,724849.2880782589,6181002.194214788,"[(724853.4800000008, 6181005.2), (724843.4800000008, 6181002.800000001), (724843.0800000008, 6181003.0), (724842.2800000007, 6181005.0), (724842.0800000008, 6181005.0), (724839.8800000008, 6181000.0), (724852.8800000008, 6181000.4), (724853.0800000008, 6181000.0), (724854.4800000008, 6181000.2), (724856.8800000008, 6181000.2), (724857.0800000008, 6181000.0), (724858.2800000007, 6181000.0), (724855.6800000007, 6181001.0), (724858.0800000008, 6181003.4), (724853.4800000008, 6181005.2)]"
1,building,94.70000000026775,49.80177630701924,16.9,724804.9261246047,6181003.852756072,"[(724809.2800000007, 6181009.0), (724799.4800000008, 6181007.2), (724799.4800000008, 6181001.800000001), (724793.2800000007, 6181000.2), (724812.0800000008, 6181000.2), (724809.2800000007, 6181009.0)]"
2,building,99.84000000111061,39.27691393856286,8.5,724758.3635737187,6181014.76121795,"[(724757.6800000007, 6181020.4), (724753.0800000008, 6181019.2), (724754.2800000007, 6181009.2), (724763.2800000007, 6181009.600000001), (724762.8800000008, 6181019.800000001), (724757.6800000007, 6181020.4)]"
3,building,47.880000000370195,37.47932765257852,6.200000000000001,724502.9000501261,6181017.875132276,"[(724505.6800000007, 6181022.4), (724497.0800000008, 6181019.4), (724504.2800000007, 6181012.4), (724506.0800000008, 6181018.0), (724506.8800000008, 6181015.2), (724508.2800000007, 6181017.4), (724505.0800000008, 6181019.2), (724505.6800000007, 6181022.4)]"
4,building,74.4000000001979,45.763354904508844,10.260000000000002,724554.7249283163,6181022.458584229,"[(724556.2800000007, 6181027.600000001), (724550.8800000008, 6181026.0), (724552.4800000008, 6181023.0), (724547.2800000007, 6181023.800000001), (724549.4800000008, 6181019.0), (724552.2800000007, 6181021.800000001), (724554.2800000007, 6181016.4), (724561.2800000007, 6181022.0), (724556.2800000007, 6181027.600000001)]"
5,building,486.40000000435384,111.7763492864406,16.18,724694.6609484657,6181018.679950659,"[(724705.6800000007, 6181034.4), (724688.2800000007, 6181031.800000001), (724683.8800000008, 6181000.0), (724697.2800000007, 6181000.4), (724697.6800000007, 6181023.600000001), (724709.8800000008, 6181024.2), (724709.0800000008, 6181034.0), (724705.6800000007, 6181034.4)]"
6,building,334.6599999973527,81.17133068203937,13.73,724639.733957251,6181033.204968227,"[(724626.8800000008, 6181041.4), (724624.4800000008, 6181029.4), (724653.8800000008, 6181025.600000001), (724654.8800000008, 6181036.4), (724626.8800000008, 6181041.4)]"
7,building,278.0000000010361,67.10915155587055,6.23,724460.9821582743,6181028.950695445,"[(724463.4800000008, 6181041.600000001), (724454.4800000008, 6181038.600000001), (724453.0800000008, 6181034.4), (724457.4800000008, 6181016.600000001), (724467.8800000008, 6181018.2), (724467.0800000008, 6181035.0), (724463.4800000008, 6181041.600000001)]"
8,building,93.96000000379048,39.18553086565329,5.5600000000000005,724578.8719965951,6181037.043820065,"[(724574.0800000008, 6181041.800000001), (724572.6800000007, 6181033.2), (724584.2800000007, 6181032.600000001), (724584.6800000007, 6181040.800000001), (724574.0800000008, 6181041.800000001)]"
9,building,963.3000000051107,190.95599960938867,14.689999999999998,724763.6467379497,6181034.044685284,"[(724803.2800000007, 6181043.4), (724724.8800000008, 6181036.600000001), (724720.6800000007, 6181035.4), (724721.4800000008, 6181026.2), (724748.0800000008, 6181026.2), (724757.0800000008, 6181030.2), (724761.4800000008, 6181027.600000001), (724766.6800000007, 6181031.0), (724769.6800000007, 6181027.600000001), (724803.2800000007, 6181030.800000001), (724803.2800000007, 6181043.4)]"
10,building,20.319999999944123,19.15131503733967,8.570000000000002,724544.3297375336,6181039.271916011,"[(724544.0800000008, 6181043.600000001), (724541.8800000008, 6181037.800000001), (724544.4800000008, 6181035.600000001), (724546.8800000008, 6181039.4), (724544.0800000008, 6181043.600000001)]"
11,building,196.96000000490807,54.74187199054012,4.85,724502.943552668,6181036.969103711,"[(724503.0800000008, 6181044.600000001), (724494.2800000007, 6181040.600000001), (724496.0800000008, 6181029.600000001), (724511.6800000007, 6181032.0), (724510.0800000008, 6181042.800000001), (724503.0800000008, 6181044.600000001)]"
12,building,39.49999999819556,28.216343125695868,3.33,724441.477063292,6181041.422143462,"[(724440.2800000007, 6181045.2), (724437.0800000008, 6181041.2), (724439.6800000007, 6181039.800000001), (724439.2800000007, 6181039.4), (724439.4800000008, 6181038.2), (724439.2800000007, 6181037.800000001), (724439.4800000008, 6181037.600000001), (724443.0800000008, 6181037.4), (724442.0800000008, 6181038.800000001), (724444.0800000008, 6181039.0), (724444.8800000008, 6181041.0), (724444.4800000008, 6181041.2), (724445.0800000008, 6181042.600000001), (724444.8800000008, 6181044.0), (724440.2800000007, 6181045.2)]"
13,building,283.2000000009313,99.09954226858963,13.670000000000002,724533.7937853116,6181031.5374717545,"[(724533.4800000008, 6181045.4), (724526.8800000008, 6181044.4), (724530.6800000007, 6181028.600000001), (724528.2800000007, 6181026.600000001), (724530.0800000008, 6181022.800000001), (724526.6800000007, 6181024.4), (724526.0800000008, 6181022.800000001), (724535.0800000008, 6181014.0), (724539.6800000007, 6181024.2), (724536.6800000007, 6181022.600000001), (724536.6800000007, 6181025.4), (724532.6800000007, 6181026.4), (724538.6800000007, 6181026.600000001), (724540.2800000007, 6181030.2), (724539.0800000008, 6181043.600000001), (724533.4800000008, 6181045.4)]"
14,building,112.37999999592313,44.770316930044025,3.2299999999999995,724601.3692329605,6181041.90297206,"[(724604.4800000008, 6181046.0), (724593.4800000008, 6181045.0), (724593.2800000007, 6181038.600000001), (724608.8800000008, 6181038.0), (724609.0800000008, 6181045.0), (724604.4800000008, 6181046.0)]"
15,building,171.02000000091036,51.04071312132429,5.510000000000001,724559.2156254638,6181040.991556544,"[(724557.4800000008, 6181048.600000001), (724553.2800000007, 6181047.800000001), (724553.6800000007, 6181033.2), (724564.4800000008, 6181033.800000001), (724565.6800000007, 6181044.4), (724563.6800000007, 6181048.4), (724557.4800000008, 6181048.600000001)]"
16,building,162.92000000231897,69.65036434490484,3.0299999999999994,724432.5397430239,6181038.317718308,"[(724435.6800000007, 6181052.600000001), (724432.2800000007, 6181051.600000001), (724435.0800000008, 6181045.800000001), (724427.8800000008, 6181045.2), (724428.0800000008, 6181028.0), (724437.2800000007, 6181029.0), (724435.2800000007, 6181046.800000001), (724438.2800000007, 6181049.600000001), (724435.6800000007, 6181052.600000001)]"
17,building,45.759999999902206,39.02242230961036,5.79,724506.9920338003,6181049.223747086,"[(724510.4800000008, 6181053.4), (724508.0800000008, 6181050.4), (724506.0800000008, 6181052.2), (724499.6800000007, 6181045.600000001), (724508.6800000007, 6181046.4), (724510.0800000008, 6181051.0), (724513.4800000008, 6181050.4), (724513.4800000008, 6181053.4), (724510.4800000008, 6181053.4)]"
18,building,35.00000000051223,23.16980314622704,2.4399999999999995,724491.0448761912,6181049.568076191,"[(724489.6800000007, 6181053.4), (724486.8800000008, 6181047.800000001), (724492.8800000008, 6181046.2), (724494.4800000008, 6181048.4), (724494.0800000008, 6181051.600000001), (724489.6800000007, 6181053.4)]"
19,building,9.740000000342262,23.411692889697655,3.5700000000000003,724596.8244216299,6181050.44695414,"[(724595.8800000008, 6181053.600000001), (724595.0800000008, 6181047.4), (724597.6800000007, 6181050.4), (724601.2800000007, 6181047.2), (724595.8800000008, 6181053.600000001)]"
20,building,201.720000006801,96.94082731680068,12.28,724556.3837742093,6181058.11971049,"[(724562.4800000008, 6181065.600000001), (724556.2800000007, 6181063.800000001), (724556.0800000008, 6181059.0), (724558.6800000007, 6181058.600000001), (724556.2800000007, 6181057.600000001), (724548.8800000008, 6181063.600000001), (724550.6800000007, 6181057.2), (724545.2800000007, 6181056.2), (724542.8800000008, 6181061.800000001), (724540.2800000007, 6181059.600000001), (724547.0800000008, 6181051.4), (724550.4800000008, 6181050.2), (724552.0800000008, 6181054.0), (724559.8800000008, 6181052.4), (724570.4800000008, 6181061.4), (724562.4800000008, 6181065.600000001)]"
21,building,24.140000001878942,20.605036789837,11.31,724486.4706103294,6181079.1971831,"[(724486.0800000008, 6181082.800000001), (724482.4800000008, 6181078.0), (724489.0800000008, 6181076.600000001), (724489.8800000008, 6181078.800000001), (724486.0800000008, 6181082.800000001)]"
22,building,537.420000000503,123.3746643844662,13.830000000000002,724633.1526954719,6181065.587607458,"[(724619.4800000008, 6181083.600000001), (724617.8800000008, 6181073.0), (724626.6800000007, 6181071.2), (724625.2800000007, 6181061.600000001), (724630.4800000008, 6181060.600000001), (724628.8800000008, 6181050.4), (724645.4800000008, 6181047.800000001), (724647.0800000008, 6181058.800000001), (724642.4800000008, 6181059.4), (724643.8800000008, 6181068.800000001), (724634.6800000007, 6181070.800000001), (724635.8800000008, 6181081.0), (724619.4800000008, 6181083.600000001)]"
23,building,528.7400000072806,129.17642664842168,2.46,724701.0181624247,6181068.09760563,"[(724695.4800000008, 6181084.4), (724686.0800000008, 6181081.600000001), (724692.4800000008, 6181056.0), (724702.4800000008, 6181058.4), (724700.8800000008, 6181064.800000001), (724705.2800000007, 6181066.0), (724709.4800000008, 6181051.0), (724716.6800000007, 6181053.0), (724710.4800000008, 6181078.600000001), (724698.4800000008, 6181075.2), (724695.4800000008, 6181084.4)]"
24,building,22.40000000008149,19.140582014583295,15.940000000000001,724714.5466666674,6181085.954166667,"[(724714.2800000007, 6181089.2), (724711.4800000008, 6181086.800000001), (724714.2800000007, 6181082.2), (724717.8800000008, 6181086.2), (724714.2800000007, 6181089.2)]"
25,building,383.7400000010291,78.53265691685772,5.8,724447.8513208604,6181078.839974984,"[(724456.0800000008, 6181089.600000001), (724435.4800000008, 6181086.4), (724440.0800000008, 6181068.2), (724459.6800000007, 6181070.800000001), (724456.0800000008, 6181089.600000001)]"
26,building,186.81999999809312,67.50168878639865,2.240000000000001,724580.5754501667,6181086.175634301,"[(724570.6800000007, 6181091.800000001), (724569.0800000008, 6181086.2), (724566.6800000007, 6181087.600000001), (724567.6800000007, 6181083.600000001), (724592.2800000007, 6181081.4), (724593.4800000008, 6181083.2), (724593.4800000008, 6181088.0), (724570.6800000007, 6181091.800000001)]"
27,building,209.68000000524805,74.53257841804799,5.109999999999999,724554.6512768671,6181087.890601552,"[(724564.0800000008, 6181096.4), (724563.4800000008, 6181092.800000001), (724547.4800000008, 6181094.800000001), (724545.6800000007, 6181080.800000001), (724551.2800000007, 6181079.600000001), (724552.6800000007, 6181083.2), (724560.0800000008, 6181080.600000001), (724561.6800000007, 6181086.800000001), (724563.8800000008, 6181086.2), (724563.4800000008, 6181092.0), (724567.4800000008, 6181093.600000001), (724564.0800000008, 6181096.4)]"
28,building,475.4000000007916,93.98969049733783,8.350000000000001,724514.2459655034,6181085.333215537,"[(724513.8800000008, 6181097.2), (724501.8800000008, 6181096.4), (724502.0800000008, 6181090.2), (724505.0800000008, 6181090.0), (724505.4800000008, 6181074.600000001), (724508.4800000008, 6181071.2), (724522.2800000007, 6181074.4), (724522.4800000008, 6181080.800000001), (724526.8800000008, 6181081.0), (724526.4800000008, 6181091.0), (724522.0800000008, 6181091.4), (724521.8800000008, 6181096.800000001), (724513.8800000008, 6181097.2)]"
29,building,19.94000000155298,18.303961054548157,13.69,724566.0206887334,6181114.1033767965,"[(724564.8800000008, 6181116.800000001), (724562.8800000008, 6181112.0), (724568.6800000007, 6181112.2), (724568.0800000008, 6181116.2), (724564.8800000008, 6181116.800000001)]"
30,building,593.4200000149035,131.22947898618418,13.49,724615.5776082154,6181113.701463832,"[(724595.0800000008, 6181123.600000001), (724590.0800000008, 6181120.600000001), (724590.2800000007, 6181113.2), (724602.0800000008, 6181109.600000001), (724602.4800000008, 6181106.600000001), (724607.0800000008, 6181110.2), (724624.4800000008, 6181106.800000001), (724627.0800000008, 6181102.0), (724628.4800000008, 6181105.0), (724642.8800000008, 6181104.600000001), (724638.0800000008, 6181115.800000001), (724595.0800000008, 6181123.600000001)]"
31,building,32.519999997033736,35.96720661060204,3.700000000000001,724552.2594587954,6181119.619762197,"[(724554.2800000007, 6181124.600000001), (724550.8800000008, 6181120.2), (724550.4800000008, 6181123.0), (724548.6800000007, 6181122.4), (724550.4800000008, 6181118.600000001), (724552.0800000008, 6181119.2), (724548.6800000007, 6181116.2), (724549.0800000008, 6181114.800000001), (724555.6800000007, 6181118.600000001), (724554.2800000007, 6181124.600000001)]"
32,building,115.10000000067521,43.0536879102402,6.010000000000001,724523.6962757031,6181126.239038517,"[(724517.4800000008, 6181131.2), (724518.4800000008, 6181121.2), (724529.2800000007, 6181121.0), (724529.4800000008, 6181131.2), (724517.4800000008, 6181131.2)]"
33,building,148.039999998305,48.909393266307276,7.22,724492.1526110065,6181128.329190309,"[(724497.0800000008, 6181136.2), (724485.4800000008, 6181132.800000001), (724487.2800000007, 6181120.600000001), (724498.6800000007, 6181123.600000001), (724497.0800000008, 6181136.2)]"
34,building,249.64000000357862,68.18736816219257,8.98,724432.9831138179,6181124.834043689,"[(724427.6800000007, 6181137.2), (724427.6800000007, 6181113.0), (724439.4800000008, 6181114.2), (724437.2800000007, 6181136.600000001), (724427.6800000007, 6181137.2)]"
35,building,156.71999999976947,85.25735146031133,1.0899999999999999,724561.6598876986,6181135.849804322,"[(724564.6800000007, 6181144.2), (724553.6800000007, 6181143.0), (724554.0800000008, 6181137.2), (724549.8800000008, 6181132.2), (724560.2800000007, 6181137.0), (724566.2800000007, 6181121.800000001), (724569.8800000008, 6181125.4), (724563.6800000007, 6181138.600000001), (724564.0800000008, 6181141.2), (724567.6800000007, 6181138.600000001), (724568.0800000008, 6181141.600000001), (724564.6800000007, 6181144.2)]"
36,building,3286.700000026205,238.57306009906196,12.35,724883.3261540966,6181111.877962292,"[(724907.2800000007, 6181146.800000001), (724848.2800000007, 6181131.800000001), (724862.0800000008, 6181077.0), (724901.6800000007, 6181087.600000001), (724904.6800000007, 6181084.600000001), (724916.6800000007, 6181087.800000001), (724907.4800000008, 6181125.800000001), (724912.2800000007, 6181128.600000001), (724907.2800000007, 6181146.800000001)]"
37,building,154.31999999886145,47.767876320802515,5.720000000000001,724541.2055400042,6181142.408795577,"[(724539.8800000008, 6181149.2), (724534.2800000007, 6181147.600000001), (724536.0800000008, 6181136.2), (724544.4800000008, 6181135.4), (724547.8800000008, 6181137.600000001), (724546.2800000007, 6181149.0), (724539.8800000008, 6181149.2)]"
38,building,101.81999999995577,59.49232446692618,5.080000000000002,724529.1174648079,6181147.811497414,"[(724529.2800000007, 6181156.800000001), (724527.0800000008, 6181151.2), (724530.6800000007, 6181147.0), (724522.2800000007, 6181149.4), (724521.8800000008, 6181146.2), (724531.8800000008, 6181138.600000001), (724532.4800000008, 6181149.800000001), (724535.8800000008, 6181152.2), (724529.2800000007, 6181156.800000001)]"
39,building,186.419999996603,54.88084005877526,6.0200000000000005,724489.4154790266,6181152.649393843,"[(724492.0800000008, 6181159.2), (724481.4800000008, 6181157.600000001), (724481.0800000008, 6181146.4), (724498.6800000007, 6181147.800000001), (724496.4800000008, 6181158.4), (724492.0800000008, 6181159.2)]"
40,building,510.9800000012666,116.04561239313016,13.629999999999999,724578.8485623711,6181148.805130012,"[(724579.2800000007, 6181168.0), (724566.2800000007, 6181166.600000001), (724567.0800000008, 6181154.800000001), (724571.6800000007, 6181154.2), (724572.0800000008, 6181142.600000001), (724576.6800000007, 6181142.4), (724577.0800000008, 6181131.0), (724591.2800000007, 6181131.0), (724590.8800000008, 6181143.0), (724585.4800000008, 6181146.0), (724585.4800000008, 6181155.0), (724580.2800000007, 6181155.800000001), (724579.2800000007, 6181168.0)]"
41,building,740.1999999919674,107.91574962877448,29.320000000000004,724780.1295793935,6181162.204443843,"[(724794.2800000007, 6181176.2), (724762.2800000007, 6181171.0), (724768.8800000008, 6181146.0), (724787.8800000008, 6181150.800000001), (724796.0800000008, 6181158.600000001), (724796.4800000008, 6181174.600000001), (724794.2800000007, 6181176.2)]"
42,building,314.1000000009546,75.69440206415673,9.82,724437.4871866716,6181170.921400827,"[(724435.8800000008, 6181182.4), (724427.4800000008, 6181181.4), (724427.4800000008, 6181167.800000001), (724434.2800000007, 6181167.0), (724435.4800000008, 6181161.0), (724445.4800000008, 6181160.4), (724448.4800000008, 6181162.800000001), (724447.4800000008, 6181173.800000001), (724442.2800000007, 6181174.0), (724435.8800000008, 6181182.4)]"
43,building,104.1000000005588,41.434649841237864,3.0600000000000005,724503.8500288192,6181178.173141211,"[(724507.6800000007, 6181183.600000001), (724498.0800000008, 6181183.0), (724498.6800000007, 6181174.2), (724510.0800000008, 6181172.4), (724507.6800000007, 6181183.600000001)]"
44,building,150.2599999940116,57.14719273451206,5.9799999999999995,724519.9722756117,6181176.154860464,"[(724518.4800000008, 6181184.0), (724514.6800000007, 6181179.600000001), (724515.0800000008, 6181166.800000001), (724521.2800000007, 6181167.4), (724521.0800000008, 6181171.800000001), (724525.0800000008, 6181172.600000001), (724525.8800000008, 6181182.4), (724528.4800000008, 6181182.800000001), (724529.0800000008, 6181183.2), (724518.4800000008, 6181184.0)]"
45,building,193.4200000030757,56.899764357465656,9.760000000000002,724486.2749470935,6181175.24890911,"[(724490.6800000007, 6181184.800000001), (724480.8800000008, 6181183.600000001), (724481.4800000008, 6181176.600000001), (724478.8800000008, 6181175.0), (724479.8800000008, 6181169.600000001), (724486.6800000007, 6181166.2), (724492.8800000008, 6181167.4), (724490.6800000007, 6181184.800000001)]"
46,building,101.70000000223519,41.3702451908957,5.02,724536.9568928228,6181182.782890856,"[(724540.8800000008, 6181189.2), (724528.6800000007, 6181184.4), (724537.0800000008, 6181176.0), (724542.8800000008, 6181180.2), (724540.8800000008, 6181189.2)]"
47,building,766.8399999934736,108.21773406813467,29.360000000000003,724825.5936456113,6181174.36751517,"[(724836.6800000007, 6181189.4), (724806.2800000007, 6181182.0), (724812.4800000008, 6181163.2), (724823.0800000008, 6181159.800000001), (724841.2800000007, 6181164.2), (724840.0800000008, 6181187.600000001), (724836.6800000007, 6181189.4)]"
48,building,729.499999992724,133.6614332900379,12.62,724589.8832899256,6181186.346739777,"[(724613.4800000008, 6181195.800000001), (724564.8800000008, 6181190.0), (724560.8800000008, 6181185.4), (724561.4800000008, 6181180.600000001), (724562.6800000007, 6181178.0), (724573.0800000008, 6181177.4), (724613.4800000008, 6181182.800000001), (724619.0800000008, 6181184.800000001), (724617.0800000008, 6181194.600000001), (724613.4800000008, 6181195.800000001)]"
49,building,767.9599999987846,107.78476550772791,29.41,724878.1635981048,6181188.315084119,"[(724886.0800000008, 6181205.2), (724858.8800000008, 6181194.4), (724866.2800000007, 6181177.2), (724874.8800000008, 6181172.600000001), (724895.0800000008, 6181179.0), (724889.2800000007, 6181203.600000001), (724886.0800000008, 6181205.2)]"
50,building,20.859999999005815,35.67115400674067,2.3899999999999997,724551.3412975398,6181213.27280281,"[(724550.6800000007, 6181220.4), (724552.0800000008, 6181219.2), (724549.8800000008, 6181216.600000001), (724550.4800000008, 6181207.600000001), (724553.2800000007, 6181206.4), (724550.2800000007, 6181214.4), (724552.4800000008, 6181214.4), (724552.4800000008, 6181220.2), (724550.6800000007, 6181220.4)]"
51,building,230.44000000512696,60.53108951387114,8.4,724535.3458103347,6181218.000231441,"[(724540.8800000008, 6181224.4), (724525.2800000007, 6181223.2), (724525.6800000007, 6181212.0), (724542.6800000007, 6181212.0), (724545.6800000007, 6181215.600000001), (724545.0800000008, 6181223.2), (724540.8800000008, 6181224.4)]"
52,building,186.8599999973178,54.736825222045745,6.9,724477.5283856012,6181225.315908523,"[(724475.4800000008, 6181231.4), (724469.4800000008, 6181230.2), (724469.4800000008, 6181219.2), (724485.6800000007, 6181219.800000001), (724485.2800000007, 6181231.4), (724475.4800000008, 6181231.4)]"
53,building,35.280000000498255,27.028687060223326,3.1900000000000004,724807.7149206356,6181229.158730159,"[(724811.8800000008, 6181232.4), (724802.6800000007, 6181229.4), (724803.0800000008, 6181226.0), (724812.8800000008, 6181228.800000001), (724811.8800000008, 6181232.4)]"
54,building,30.63999999955064,34.78732425039941,2.87,724637.9463620547,6181224.8627937315,"[(724636.6800000007, 6181233.0), (724635.0800000008, 6181232.0), (724638.8800000008, 6181217.2), (724640.8800000008, 6181218.2), (724636.6800000007, 6181233.0)]"
55,building,178.02000000116647,65.40969112983377,2.000000000000001,724507.7381732399,6181223.936231884,"[(724511.2800000007, 6181237.0), (724504.4800000008, 6181236.800000001), (724504.0800000008, 6181211.2), (724511.0800000008, 6181211.0), (724511.2800000007, 6181237.0)]"
56,building,38.27999999570195,28.218195709037005,2.84,724805.8723371658,6181235.097109023,"[(724810.0800000008, 6181238.600000001), (724800.2800000007, 6181235.0), (724801.2800000007, 6181231.800000001), (724811.2800000007, 6181234.800000001), (724810.0800000008, 6181238.600000001)]"
57,building,38.08000000095228,27.38387419633492,0.16000000000000014,724547.2633333341,6181234.516666667,"[(724545.0800000008, 6181239.2), (724545.4800000008, 6181229.600000001), (724548.4800000008, 6181229.0), (724549.8800000008, 6181238.800000001), (724545.0800000008, 6181239.2)]"
58,building,148.82000000437955,58.56729521768436,6.5600000000000005,724433.3641911937,6181233.5553644225,"[(724427.2800000007, 6181239.600000001), (724427.2800000007, 6181223.800000001), (724431.0800000008, 6181224.2), (724432.2800000007, 6181231.2), (724441.4800000008, 6181230.600000001), (724441.6800000007, 6181238.800000001), (724427.2800000007, 6181239.600000001)]"
59,building,82.59999999933643,35.968788027650405,0.28999999999999915,724474.7742211471,6181238.755060534,"[(724472.8800000008, 6181243.2), (724469.4800000008, 6181241.800000001), (724469.4800000008, 6181234.800000001), (724480.4800000008, 6181235.0), (724479.6800000007, 6181242.4), (724472.8800000008, 6181243.2)]"
60,building,4191.879999971347,369.8916759342468,31.69,724700.2170691278,6181178.600794235,"[(724678.6800000007, 6181244.0), (724665.0800000008, 6181237.4), (724667.0800000008, 6181226.600000001), (724674.6800000007, 6181227.2), (724676.0800000008, 6181224.600000001), (724670.6800000007, 6181222.2), (724671.0800000008, 6181218.4), (724683.0800000008, 6181165.800000001), (724690.8800000008, 6181154.800000001), (724684.2800000007, 6181152.2), (724691.2800000007, 6181125.800000001), (724743.8800000008, 6181138.4), (724741.4800000008, 6181149.4), (724740.8800000008, 6181146.600000001), (724737.0800000008, 6181148.0), (724729.6800000007, 6181179.4), (724710.6800000007, 6181175.0), (724694.0800000008, 6181243.0), (724684.8800000008, 6181240.800000001), (724685.4800000008, 6181235.2), (724683.0800000008, 6181242.800000001), (724678.6800000007, 6181244.0)]"
61,building,50.42000000293599,35.58651212037672,0.33999999999999986,724482.2753722076,6181245.067936005,"[(724476.4800000008, 6181248.600000001), (724475.6800000007, 6181245.4), (724481.4800000008, 6181245.4), (724481.4800000008, 6181241.2), (724487.2800000007, 6181240.600000001), (724485.4800000008, 6181247.800000001), (724476.4800000008, 6181248.600000001)]"
62,building,29.56000000051921,41.71278397108331,0.79,724509.3384573756,6181261.852593596,"[(724508.4800000008, 6181269.800000001), (724507.4800000008, 6181257.600000001), (724510.6800000007, 6181257.600000001), (724510.8800000008, 6181250.800000001), (724511.0800000008, 6181262.800000001), (724508.4800000008, 6181269.800000001)]"
63,building,2065.340000011262,219.890312133747,24.509999999999998,724754.2702014525,6181234.926016378,"[(724766.0800000008, 6181271.600000001), (724728.2800000007, 6181259.600000001), (724743.6800000007, 6181226.800000001), (724735.2800000007, 6181199.4), (724784.8800000008, 6181215.0), (724764.2800000007, 6181243.4), (724766.0800000008, 6181271.600000001)]"
64,building,53.26000000332483,81.09591289659184,1.9099999999999993,724517.603294531,6181269.138440358,"[(724510.4800000008, 6181273.800000001), (724508.4800000008, 6181271.0), (724513.6800000007, 6181268.800000001), (724512.4800000008, 6181266.800000001), (724526.8800000008, 6181267.0), (724527.0800000008, 6181263.600000001), (724529.2800000007, 6181263.4), (724529.2800000007, 6181268.800000001), (724526.4800000008, 6181268.800000001), (724528.6800000007, 6181267.800000001), (724528.0800000008, 6181265.4), (724527.4800000008, 6181267.4), (724522.6800000007, 6181267.600000001), (724526.0800000008, 6181268.600000001), (724524.8800000008, 6181268.800000001), (724516.6800000007, 6181267.2), (724519.2800000007, 6181268.600000001), (724515.2800000007, 6181268.800000001), (724515.2800000007, 6181273.600000001), (724510.4800000008, 6181273.800000001)]"
65,building,664.8599999977137,163.6306878796362,19.529999999999998,724936.1992772421,6181265.794585326,"[(724960.4800000008, 6181278.800000001), (724934.8800000008, 6181274.0), (724934.8800000008, 6181269.800000001), (724925.4800000008, 6181269.2), (724924.0800000008, 6181266.4), (724908.0800000008, 6181265.0), (724911.6800000007, 6181251.2), (724915.2800000007, 6181256.0), (724916.6800000007, 6181252.4), (724924.4800000008, 6181254.800000001), (724925.0800000008, 6181259.0), (724927.6800000007, 6181255.800000001), (724933.6800000007, 6181256.4), (724934.2800000007, 6181259.800000001), (724944.8800000008, 6181263.2), (724943.2800000007, 6181264.800000001), (724953.2800000007, 6181264.0), (724952.0800000008, 6181267.800000001), (724954.2800000007, 6181264.2), (724963.4800000008, 6181265.4), (724960.4800000008, 6181278.800000001)]"
66,building,331.539999993823,98.12575003052649,5.859999999999999,724476.1716852675,6181271.329432346,"[(724475.4800000008, 6181278.800000001), (724467.0800000008, 6181278.4), (724467.0800000008, 6181270.2), (724466.6800000007, 6181273.600000001), (724466.2800000007, 6181270.0), (724460.8800000008, 6181270.600000001), (724461.0800000008, 6181262.800000001), (724467.4800000008, 6181263.2), (724467.8800000008, 6181265.800000001), (724486.8800000008, 6181265.800000001), (724488.8800000008, 6181262.600000001), (724489.2800000007, 6181278.2), (724475.4800000008, 6181278.800000001)]"
67,building,118.63999999488237,41.50545317137085,7.27,724432.3576579012,6181272.209395369,"[(724429.8800000008, 6181279.2), (724427.0800000008, 6181277.0), (724427.0800000008, 6181267.600000001), (724435.4800000008, 6181265.800000001), (724438.0800000008, 6181267.600000001), (724437.4800000008, 6181276.2), (724429.8800000008, 6181279.2)]"
68,building,23.339999998002313,19.648586124424522,4.7299999999999995,724462.942439304,6181279.883976008,"[(724460.8800000008, 6181283.0), (724460.0800000008, 6181277.800000001), (724465.2800000007, 6181277.600000001), (724466.2800000007, 6181280.800000001), (724460.8800000008, 6181283.0)]"
69,building,27.340000001448207,20.543659067236682,18.38,724505.5837307981,6181281.038185811,"[(724504.6800000007, 6181284.800000001), (724502.8800000008, 6181282.600000001), (724502.6800000007, 6181280.0), (724506.2800000007, 6181277.4), (724509.2800000007, 6181281.0), (724504.6800000007, 6181284.800000001)]"
70,building,1271.5600000025565,196.23411117174322,8.170000000000002,724568.7049939714,6181248.341119046,"[(724567.2800000007, 6181285.4), (724551.6800000007, 6181281.4), (724558.2800000007, 6181261.0), (724555.2800000007, 6181260.4), (724557.8800000008, 6181246.0), (724562.2800000007, 6181232.2), (724565.4800000008, 6181232.600000001), (724569.6800000007, 6181209.800000001), (724572.2800000007, 6181208.0), (724572.2800000007, 6181213.0), (724584.6800000007, 6181215.800000001), (724578.4800000008, 6181243.600000001), (724584.2800000007, 6181250.800000001), (724581.6800000007, 6181255.600000001), (724573.0800000008, 6181259.4), (724567.2800000007, 6181285.4)]"
71,building,40.17999999769265,25.514340282633704,9.120000000000001,724491.8125369179,6181282.930313588,"[(724490.2800000007, 6181287.2), (724487.4800000008, 6181282.0), (724492.4800000008, 6181278.800000001), (724496.6800000007, 6181283.4), (724490.2800000007, 6181287.2)]"
72,building,297.5199999976507,81.77144128641685,12.010000000000002,724987.9437581794,6181282.361311284,"[(724999.0800000008, 6181291.2), (724975.2800000007, 6181286.2), (724978.6800000007, 6181272.600000001), (724980.2800000007, 6181272.600000001), (724980.4800000008, 6181272.800000001), (724980.8800000008, 6181272.800000001), (724981.0800000008, 6181273.0), (724981.2800000007, 6181273.0), (724981.4800000008, 6181273.2), (724981.6800000007, 6181273.2), (724982.0800000008, 6181273.4), (724981.0800000008, 6181277.2), (724984.0800000008, 6181273.4), (724992.2800000007, 6181278.2), (724999.8800000008, 6181277.4), (724999.0800000008, 6181291.2)]"
73,building,3096.8799999719763,310.31459792715253,0.3500000000000014,724834.1166769146,6181266.836351855,"[(724858.6800000007, 6181300.800000001), (724846.4800000008, 6181296.800000001), (724845.8800000008, 6181288.0), (724824.8800000008, 6181290.0), (724772.4800000008, 6181274.0), (724775.8800000008, 6181263.4), (724813.6800000007, 6181272.2), (724814.0800000008, 6181264.600000001), (724815.8800000008, 6181268.0), (724824.0800000008, 6181250.4), (724825.4800000008, 6181228.4), (724841.4800000008, 6181233.800000001), (724854.6800000007, 6181246.600000001), (724862.2800000007, 6181245.600000001), (724874.8800000008, 6181250.2), (724865.6800000007, 6181268.2), (724858.6800000007, 6181300.800000001)]"
74,building,371.7400000007264,97.39914143317904,23.26,724906.9024135156,6181304.102641631,"[(724916.0800000008, 6181316.600000001), (724908.2800000007, 6181313.800000001), (724903.8800000008, 6181308.4), (724900.6800000007, 6181313.0), (724892.8800000008, 6181310.600000001), (724896.0800000008, 6181307.4), (724899.2800000007, 6181291.0), (724905.4800000008, 6181292.800000001), (724909.2800000007, 6181299.600000001), (724914.4800000008, 6181296.4), (724920.0800000008, 6181298.4), (724914.8800000008, 6181312.0), (724917.2800000007, 6181313.2), (724916.0800000008, 6181316.600000001)]"
75,building,130.67999999993947,45.572606142651914,7.02,724495.2486154482,6181310.200061218,"[(724495.4800000008, 6181316.600000001), (724490.6800000007, 6181315.4), (724488.4800000008, 6181304.4), (724500.6800000007, 6181304.600000001), (724500.8800000008, 6181316.4), (724495.4800000008, 6181316.600000001)]"
76,building,162.35999999629334,55.46585518433187,6.140000000000001,724467.8830549403,6181316.455415947,"[(724464.0800000008, 6181325.0), (724460.2800000007, 6181313.2), (724467.2800000007, 6181308.600000001), (724473.6800000007, 6181308.600000001), (724470.8800000008, 6181311.800000001), (724477.0800000008, 6181319.600000001), (724464.0800000008, 6181325.0)]"
77,building,378.7200000011083,95.02045189578978,24.490000000000002,724944.9499795812,6181316.450126743,"[(724955.2800000007, 6181329.600000001), (724942.6800000007, 6181321.0), (724939.4800000008, 6181326.0), (724931.6800000007, 6181323.2), (724937.4800000008, 6181304.2), (724944.2800000007, 6181306.2), (724947.6800000007, 6181312.0), (724952.8800000008, 6181309.2), (724959.0800000008, 6181311.2), (724954.0800000008, 6181324.600000001), (724955.2800000007, 6181329.600000001)]"
78,building,719.6000000030967,155.54898658166604,12.3,724564.0948267564,6181315.528714101,"[(724586.8800000008, 6181330.0), (724577.4800000008, 6181328.2), (724577.6800000007, 6181321.0), (724571.8800000008, 6181320.0), (724545.8800000008, 6181317.4), (724544.6800000007, 6181325.2), (724537.4800000008, 6181324.4), (724537.2800000007, 6181306.2), (724590.2800000007, 6181310.0), (724586.8800000008, 6181330.0)]"
79,building,186.8800000021281,139.79594230422174,3.2300000000000004,724507.7913085063,6181311.610751999,"[(724490.6800000007, 6181331.4), (724485.8800000008, 6181329.0), (724484.2800000007, 6181327.4), (724484.2800000007, 6181326.800000001), (724493.0800000008, 6181329.800000001), (724502.2800000007, 6181324.2), (724502.8800000008, 6181299.800000001), (724506.8800000008, 6181301.600000001), (724507.2800000007, 6181307.600000001), (724508.0800000008, 6181304.0), (724517.8800000008, 6181304.0), (724517.8800000008, 6181314.600000001), (724507.4800000008, 6181314.600000001), (724507.4800000008, 6181307.800000001), (724504.0800000008, 6181307.4), (724504.2800000007, 6181323.800000001), (724490.6800000007, 6181331.4)]"
80,building,53.899999997613484,29.60777033142105,7.550000000000001,724429.7727396421,6181332.195027831,"[(724430.2800000007, 6181337.0), (724426.8800000008, 6181336.800000001), (724426.8800000008, 6181327.4), (724432.6800000007, 6181327.800000001), (724432.8800000008, 6181336.0), (724430.2800000007, 6181337.0)]"
81,building,387.9000000007218,97.03965778641161,22.54,724980.6267663492,6181328.477583569,"[(724990.6800000007, 6181341.0), (724982.2800000007, 6181338.4), (724981.6800000007, 6181334.0), (724977.8800000008, 6181332.4), (724975.0800000008, 6181337.600000001), (724966.8800000008, 6181335.2), (724973.2800000007, 6181316.0), (724980.0800000008, 6181318.2), (724982.0800000008, 6181323.2), (724988.8800000008, 6181320.800000001), (724994.6800000007, 6181323.0), (724989.6800000007, 6181335.600000001), (724990.6800000007, 6181341.0)]"
82,building,673.0800000002887,124.6835370065603,11.959999999999997,724553.1067803736,6181345.250862702,"[(724573.0800000008, 6181358.0), (724564.0800000008, 6181357.4), (724545.2800000007, 6181349.2), (724539.0800000008, 6181349.800000001), (724531.0800000008, 6181345.2), (724529.2800000007, 6181342.600000001), (724532.0800000008, 6181333.600000001), (724537.2800000007, 6181334.4), (724538.0800000008, 6181331.600000001), (724576.0800000008, 6181346.0), (724578.8800000008, 6181344.2), (724573.0800000008, 6181358.0)]"
83,building,961.7799999999045,141.3312563282336,23.94,724649.200568114,6181334.778006059,"[(724648.8800000008, 6181362.600000001), (724632.8800000008, 6181357.4), (724639.2800000007, 6181343.2), (724636.4800000008, 6181340.4), (724646.6800000007, 6181308.800000001), (724666.8800000008, 6181315.4), (724648.8800000008, 6181362.600000001)]"
84,building,191.50000000541334,101.83748935537282,6.5600000000000005,724480.8469973899,6181351.756135771,"[(724485.6800000007, 6181364.800000001), (724488.2800000007, 6181361.600000001), (724486.4800000008, 6181357.4), (724477.0800000008, 6181360.4), (724471.8800000008, 6181343.0), (724481.2800000007, 6181342.0), (724487.0800000008, 6181358.2), (724503.0800000008, 6181353.800000001), (724488.4800000008, 6181360.4), (724488.4800000008, 6181362.800000001), (724485.6800000007, 6181364.800000001)]"
85,building,184.75999999574617,60.452058575758755,5.7299999999999995,724510.1863505817,6181369.590979289,"[(724506.2800000007, 6181379.0), (724502.0800000008, 6181375.2), (724506.8800000008, 6181372.600000001), (724503.0800000008, 6181363.0), (724512.6800000007, 6181359.600000001), (724518.4800000008, 6181374.2), (724506.2800000007, 6181379.0)]"
86,building,27.480000000847504,21.438633786975473,6.68,724451.090771471,6181382.23930131,"[(724449.6800000007, 6181386.4), (724447.8800000008, 6181380.600000001), (724453.0800000008, 6181379.0), (724454.4800000008, 6181382.4), (724449.6800000007, 6181386.4)]"
87,building,202.12000000497324,147.62067150687534,14.329999999999998,724494.7611992884,6181382.4976911405,"[(724487.6800000007, 6181394.600000001), (724487.4800000008, 6181389.600000001), (724482.2800000007, 6181384.600000001), (724484.6800000007, 6181377.0), (724489.0800000008, 6181374.0), (724494.2800000007, 6181376.0), (724490.4800000008, 6181382.600000001), (724497.0800000008, 6181387.600000001), (724502.8800000008, 6181381.2), (724522.4800000008, 6181376.600000001), (724522.8800000008, 6181376.0), (724522.2800000007, 6181375.800000001), (724522.4800000008, 6181375.600000001), (724522.2800000007, 6181375.4), (724522.4800000008, 6181374.4), (724522.2800000007, 6181374.2), (724522.2800000007, 6181373.800000001), (724522.6800000007, 6181373.2), (724522.0800000008, 6181372.2), (724522.2800000007, 6181371.800000001), (724521.8800000008, 6181370.600000001), (724521.4800000008, 6181366.0), (724522.0800000008, 6181365.600000001), (724521.2800000007, 6181364.2), (724522.0800000008, 6181362.4), (724523.0800000008, 6181376.4), (724521.4800000008, 6181379.4), (724508.0800000008, 6181380.4), (724487.6800000007, 6181394.600000001)]"
88,building,997.1800000004284,134.03511115776487,10.45,724615.2491770801,6181396.767516396,"[(724623.2800000007, 6181417.0), (724595.2800000007, 6181407.800000001), (724605.4800000008, 6181377.4), (724639.4800000008, 6181387.2), (724637.6800000007, 6181391.0), (724632.8800000008, 6181390.600000001), (724623.2800000007, 6181417.0)]"
89,building,8215.079999949217,407.5794916973934,10.58,724757.4503959068,6181368.302936552,"[(724819.6800000007, 6181417.2), (724678.0800000008, 6181372.0), (724695.4800000008, 6181319.4), (724836.6800000007, 6181364.600000001), (724819.6800000007, 6181417.2)]"
90,building,1369.95999998159,314.55298246298815,12.780000000000001,724533.6808671793,6181404.131506516,"[(724521.0800000008, 6181431.0), (724518.4800000008, 6181411.600000001), (724500.8800000008, 6181413.2), (724499.8800000008, 6181406.2), (724496.8800000008, 6181405.600000001), (724496.4800000008, 6181400.2), (724508.0800000008, 6181396.800000001), (724506.6800000007, 6181385.800000001), (724518.6800000007, 6181384.2), (724518.0800000008, 6181405.0), (724520.8800000008, 6181405.2), (724521.0800000008, 6181401.800000001), (724530.0800000008, 6181401.600000001), (724531.4800000008, 6181418.0), (724536.4800000008, 6181422.4), (724545.4800000008, 6181418.4), (724558.8800000008, 6181371.600000001), (724569.6800000007, 6181374.4), (724560.2800000007, 6181407.0), (724557.2800000007, 6181407.2), (724552.8800000008, 6181416.800000001), (724551.8800000008, 6181426.0), (724539.0800000008, 6181428.2), (724538.8800000008, 6181424.0), (724535.0800000008, 6181423.0), (724532.4800000008, 6181424.2), (724532.6800000007, 6181429.4), (724521.0800000008, 6181431.0)]"
91,building,1684.7999999929916,177.90604489668857,27.939999999999998,724876.3661111118,6181406.368619818,"[(724882.2800000007, 6181438.0), (724862.6800000007, 6181429.600000001), (724852.8800000008, 6181428.600000001), (724870.0800000008, 6181375.600000001), (724878.8800000008, 6181378.2), (724879.0800000008, 6181382.0), (724882.4800000008, 6181379.4), (724899.4800000008, 6181384.800000001), (724882.2800000007, 6181438.0)]"
92,building,359.18000000394414,130.734771605174,7.22,724463.5870252618,6181429.08907697,"[(724475.0800000008, 6181444.2), (724465.2800000007, 6181432.600000001), (724459.2800000007, 6181431.600000001), (724456.0800000008, 6181436.0), (724453.0800000008, 6181438.600000001), (724454.4800000008, 6181436.800000001), (724449.0800000008, 6181431.600000001), (724454.4800000008, 6181424.600000001), (724451.2800000007, 6181421.0), (724458.8800000008, 6181413.0), (724460.6800000007, 6181415.0), (724458.6800000007, 6181414.0), (724456.6800000007, 6181418.2), (724462.6800000007, 6181419.4), (724461.2800000007, 6181416.800000001), (724466.4800000008, 6181420.600000001), (724471.8800000008, 6181431.0), (724474.8800000008, 6181430.2), (724480.8800000008, 6181437.4), (724473.8800000008, 6181441.2), (724478.2800000007, 6181443.800000001), (724475.0800000008, 6181444.2)]"
93,building,63.259999996875415,39.431708965783166,2.16,724444.3824343985,6181437.429044157,"[(724444.4800000008, 6181445.2), (724440.6800000007, 6181444.0), (724442.4800000008, 6181431.800000001), (724445.6800000007, 6181431.600000001), (724449.6800000007, 6181434.600000001), (724446.6800000007, 6181439.2), (724444.4800000008, 6181438.2), (724444.4800000008, 6181445.2)]"
94,building,2780.820000003739,221.85700763802848,24.439999999999998,724946.5361934976,6181429.768306233,"[(724946.4800000008, 6181459.0), (724912.6800000007, 6181446.800000001), (724931.0800000008, 6181395.0), (724946.8800000008, 6181400.0), (724949.0800000008, 6181405.4), (724981.2800000007, 6181415.800000001), (724967.2800000007, 6181458.4), (724956.8800000008, 6181455.800000001), (724957.0800000008, 6181452.800000001), (724955.0800000008, 6181455.800000001), (724949.8800000008, 6181453.2), (724946.4800000008, 6181459.0)]"
95,building,74.21999999661466,53.87468760940681,5.120000000000001,724458.7987460712,6181473.244893558,"[(724447.6800000007, 6181476.2), (724444.6800000007, 6181473.2), (724452.0800000008, 6181473.600000001), (724456.2800000007, 6181471.0), (724458.4800000008, 6181471.600000001), (724462.0800000008, 6181470.0), (724468.0800000008, 6181470.4), (724466.0800000008, 6181475.0), (724454.8800000008, 6181476.0), (724450.8800000008, 6181473.600000001), (724447.6800000007, 6181476.2)]"
96,building,221.16000000042607,78.85156898432312,2.740000000000001,724457.0981105694,6181491.177066379,"[(724457.8800000008, 6181498.4), (724448.4800000008, 6181495.600000001), (724446.4800000008, 6181480.600000001), (724452.4800000008, 6181481.600000001), (724448.8800000008, 6181481.600000001), (724449.0800000008, 6181487.2), (724466.6800000007, 6181484.800000001), (724465.6800000007, 6181497.800000001), (724457.8800000008, 6181498.4)]"
97,building,238.25999999955297,75.81541272110499,6.480000000000001,724491.2744654305,6181488.278273034,"[(724489.8800000008, 6181499.0), (724490.0800000008, 6181494.4), (724483.6800000007, 6181495.600000001), (724482.0800000008, 6181487.0), (724488.0800000008, 6181486.2), (724488.0800000008, 6181475.4), (724493.2800000007, 6181474.4), (724499.6800000007, 6181497.4), (724489.8800000008, 6181499.0)]"
98,building,9737.300000071737,565.8698106859829,19.54,724724.6497914897,6181448.816191759,"[(724792.4800000008, 6181501.4), (724763.0800000008, 6181492.0), (724763.8800000008, 6181485.800000001), (724652.2800000007, 6181450.800000001), (724645.2800000007, 6181468.4), (724616.6800000007, 6181459.2), (724613.8800000008, 6181456.600000001), (724618.4800000008, 6181443.4), (724616.0800000008, 6181440.800000001), (724617.0800000008, 6181445.4), (724614.2800000007, 6181444.2), (724614.8800000008, 6181441.2), (724615.2800000007, 6181440.4), (724616.8800000008, 6181440.600000001), (724619.4800000008, 6181442.4), (724623.2800000007, 6181429.2), (724655.8800000008, 6181440.0), (724669.2800000007, 6181398.2), (724816.6800000007, 6181445.2), (724801.8800000008, 6181493.4), (724796.8800000008, 6181493.2), (724796.8800000008, 6181495.4), (724795.2800000007, 6181498.600000001), (724796.0800000008, 6181491.800000001), (724792.4800000008, 6181501.4)]"
99,building,114.18000000282657,102.0566348355762,3.0199999999999996,724439.2830127878,6181486.073194371,"[(724448.0800000008, 6181501.4), (724444.4800000008, 6181498.4), (724444.4800000008, 6181496.800000001), (724436.4800000008, 6181495.4), (724437.4800000008, 6181491.0), (724434.6800000007, 6181491.0), (724434.0800000008, 6181489.0), (724435.2800000007, 6181476.600000001), (724439.8800000008, 6181477.0), (724437.4800000008, 6181474.2), (724440.4800000008, 6181472.0), (724444.0800000008, 6181474.600000001), (724442.2800000007, 6181475.600000001), (724443.8800000008, 6181476.0), (724444.6800000007, 6181476.4), (724444.6800000007, 6181476.800000001), (724436.6800000007, 6181477.800000001), (724440.8800000008, 6181481.600000001), (724437.0800000008, 6181485.0), (724437.4800000008, 6181490.800000001), (724442.2800000007, 6181491.2), (724445.8800000008, 6181498.600000001), (724449.2800000007, 6181498.4), (724448.0800000008, 6181501.4)]"
100,building,18.579999999485445,22.368966827589833,0.049999999999998934,724898.4314172952,6181509.075493362,"[(724897.0800000008, 6181514.800000001), (724897.2800000007, 6181505.800000001), (724900.4800000008, 6181505.4), (724899.2800000007, 6181511.2), (724897.0800000008, 6181514.800000001)]"
101,building,163.04000000044704,59.20676022157422,5.8,724443.002064116,6181510.3219496235,"[(724441.0800000008, 6181517.4), (724436.4800000008, 6181516.2), (724438.0800000008, 6181501.4), (724443.4800000008, 6181501.800000001), (724443.8800000008, 6181505.4), (724450.6800000007, 6181508.2), (724449.8800000008, 6181514.2), (724453.8800000008, 6181514.600000001), (724441.0800000008, 6181517.4)]"
102,building,20.720000000502914,19.214287427958467,2.46,724434.2912612619,6181521.385328185,"[(724435.8800000008, 6181523.4), (724431.2800000007, 6181523.2), (724431.6800000007, 6181519.4), (724438.2800000007, 6181520.0), (724435.8800000008, 6181523.4)]"
103,building,30.719999999152495,25.268659774334136,5.3500000000000005,724894.258645834,6181520.438411458,"[(724894.2800000007, 6181525.600000001), (724891.6800000007, 6181524.800000001), (724893.4800000008, 6181515.800000001), (724897.2800000007, 6181516.600000001), (724894.2800000007, 6181525.600000001)]"
104,building,982.0399999844167,125.36465861387872,18.64,724614.7928372239,6181508.293948651,"[(724624.6800000007, 6181528.0), (724595.0800000008, 6181518.2), (724604.2800000007, 6181488.800000001), (724634.8800000008, 6181498.4), (724624.6800000007, 6181528.0)]"
105,building,254.81999999589289,71.20758172210861,7.26,724493.4007283581,6181517.166737305,"[(724490.4800000008, 6181529.0), (724486.8800000008, 6181518.0), (724487.4800000008, 6181506.0), (724496.4800000008, 6181504.800000001), (724498.6800000007, 6181516.4), (724502.2800000007, 6181516.800000001), (724499.2800000007, 6181518.2), (724500.6800000007, 6181527.600000001), (724490.4800000008, 6181529.0)]"
106,building,97.05999999893595,40.29142748430754,6.180000000000001,724441.7507328807,6181533.802252903,"[(724445.2800000007, 6181538.2), (724435.0800000008, 6181536.800000001), (724435.8800000008, 6181529.2), (724448.4800000008, 6181530.800000001), (724447.6800000007, 6181538.0), (724445.2800000007, 6181538.2)]"
107,building,3634.36000001088,236.5602444323961,20.46,724956.4015458393,6181514.920117252,"[(724975.0800000008, 6181553.0), (724918.4800000008, 6181534.600000001), (724935.0800000008, 6181483.4), (724941.6800000007, 6181478.0), (724992.0800000008, 6181494.0), (724992.2800000007, 6181501.800000001), (724975.0800000008, 6181553.0)]"
108,building,3728.8599999884696,274.68878414861655,19.44,724869.828760033,6181504.817313601,"[(724878.0800000008, 6181553.2), (724824.6800000007, 6181517.0), (724828.4800000008, 6181516.2), (724850.8800000008, 6181484.4), (724860.2800000007, 6181487.4), (724865.4800000008, 6181480.2), (724862.0800000008, 6181479.600000001), (724869.6800000007, 6181473.800000001), (724878.8800000008, 6181459.0), (724906.0800000008, 6181468.2), (724878.0800000008, 6181553.2)]"
109,building,146.03999999660533,52.85536931366083,6.220000000000001,724497.8321044471,6181557.096740619,"[(724489.4800000008, 6181562.600000001), (724488.0800000008, 6181554.600000001), (724506.6800000007, 6181551.800000001), (724507.4800000008, 6181559.4), (724489.4800000008, 6181562.600000001)]"
110,building,189.93999999691965,63.68280177330237,4.66,724465.8370811844,6181556.979951563,"[(724467.4800000008, 6181567.2), (724469.0800000008, 6181564.0), (724464.8800000008, 6181560.800000001), (724458.4800000008, 6181562.2), (724457.8800000008, 6181549.600000001), (724469.8800000008, 6181549.600000001), (724474.6800000007, 6181565.0), (724467.4800000008, 6181567.2)]"
111,building,129.4199999985704,43.39104195378767,4.9,724444.8669262873,6181564.58108484,"[(724444.4800000008, 6181570.600000001), (724439.6800000007, 6181570.0), (724438.2800000007, 6181561.2), (724445.4800000008, 6181557.600000001), (724449.8800000008, 6181559.800000001), (724451.4800000008, 6181569.2), (724444.4800000008, 6181570.600000001)]"
112,building,50.819999999711285,29.049678443248528,3.3200000000000003,724456.6844077144,6181569.202203858,"[(724453.8800000008, 6181573.4), (724452.4800000008, 6181568.0), (724458.4800000008, 6181563.600000001), (724460.8800000008, 6181572.2), (724453.8800000008, 6181573.4)]"
113,building,3266.9199999860207,228.95841530015844,14.169999999999998,724672.2431408183,6181542.158684837,"[(724688.2800000007, 6181579.2), (724637.0800000008, 6181562.4), (724655.6800000007, 6181505.4), (724707.6800000007, 6181521.800000001), (724688.2800000007, 6181579.2)]"
114,building,690.3600000002398,155.83194571950273,16.12,724918.9598887543,6181577.25098596,"[(724939.8800000008, 6181596.4), (724929.6800000007, 6181594.4), (724927.0800000008, 6181591.800000001), (724929.8800000008, 6181589.2), (724922.4800000008, 6181589.2), (724922.2800000007, 6181587.0), (724919.8800000008, 6181587.2), (724917.6800000007, 6181584.800000001), (724920.0800000008, 6181583.600000001), (724906.0800000008, 6181577.4), (724908.2800000007, 6181574.2), (724906.2800000007, 6181572.600000001), (724900.4800000008, 6181573.2), (724896.0800000008, 6181569.4), (724897.6800000007, 6181567.800000001), (724891.8800000008, 6181566.4), (724899.2800000007, 6181556.2), (724945.0800000008, 6181587.600000001), (724939.8800000008, 6181596.4)]"
115,building,3237.880000007146,229.3978379652121,14.170000000000002,724742.6759059639,6181565.21568269,"[(724759.6800000007, 6181602.2), (724708.0800000008, 6181585.4), (724726.4800000008, 6181528.2), (724773.6800000007, 6181542.0), (724769.2800000007, 6181554.2), (724774.2800000007, 6181557.800000001), (724759.6800000007, 6181602.2)]"
116,building,144.11999999981606,53.48131463125346,8.05,724441.6724692393,6181606.751114813,"[(724449.0800000008, 6181616.2), (724445.0800000008, 6181611.4), (724436.0800000008, 6181612.600000001), (724434.2800000007, 6181603.600000001), (724440.4800000008, 6181599.800000001), (724446.6800000007, 6181601.0), (724449.0800000008, 6181616.2)]"
117,building,2406.6399999799232,207.79190221789477,12.41,724819.0893230957,6181596.537128943,"[(724832.8800000008, 6181626.0), (724786.8800000008, 6181611.2), (724802.2800000007, 6181567.800000001), (724807.0800000008, 6181570.800000001), (724812.6800000007, 6181564.0), (724856.2800000007, 6181595.800000001), (724846.8800000008, 6181609.0), (724839.0800000008, 6181606.4), (724832.8800000008, 6181626.0)]"
118,building,5084.82000002183,369.0930299954755,21.05,724579.4258083741,6181581.607206549,"[(724555.4800000008, 6181629.600000001), (724548.8800000008, 6181576.0), (724553.6800000007, 6181574.800000001), (724553.2800000007, 6181568.2), (724545.2800000007, 6181562.0), (724544.8800000008, 6181557.800000001), (724557.6800000007, 6181544.0), (724551.8800000008, 6181541.800000001), (724556.0800000008, 6181530.0), (724621.6800000007, 6181551.2), (724617.6800000007, 6181563.0), (724601.0800000008, 6181557.800000001), (724599.6800000007, 6181560.600000001), (724603.6800000007, 6181564.600000001), (724599.0800000008, 6181565.0), (724599.4800000008, 6181569.0), (724604.4800000008, 6181568.600000001), (724606.6800000007, 6181577.2), (724611.0800000008, 6181622.600000001), (724587.0800000008, 6181625.600000001), (724586.4800000008, 6181626.800000001), (724588.8800000008, 6181626.0), (724591.2800000007, 6181626.600000001), (724591.6800000007, 6181628.0), (724583.2800000007, 6181628.800000001), (724586.2800000007, 6181627.0), (724585.6800000007, 6181625.600000001), (724555.4800000008, 6181629.600000001)]"
119,building,112.74000000424218,46.11389375206906,4.83,724435.6634072505,6181627.082845485,"[(724435.2800000007, 6181632.800000001), (724427.0800000008, 6181629.4), (724429.6800000007, 6181629.4), (724430.4800000008, 6181621.2), (724443.4800000008, 6181624.2), (724440.4800000008, 6181631.2), (724435.2800000007, 6181632.800000001)]"
120,building,670.2800000005797,159.22349083822706,1.9100000000000001,724971.6497479666,6181615.196093174,"[(724986.4800000008, 6181634.4), (724975.8800000008, 6181624.0), (724973.0800000008, 6181624.4), (724975.4800000008, 6181627.2), (724971.2800000007, 6181624.4), (724973.8800000008, 6181622.2), (724968.6800000007, 6181620.800000001), (724969.4800000008, 6181618.800000001), (724959.4800000008, 6181616.0), (724959.6800000007, 6181610.4), (724954.2800000007, 6181611.4), (724949.2800000007, 6181608.600000001), (724950.6800000007, 6181605.600000001), (724944.4800000008, 6181604.600000001), (724951.8800000008, 6181594.2), (724998.2800000007, 6181626.4), (724993.0800000008, 6181634.0), (724986.4800000008, 6181634.4)]"
121,building,647.2199999944144,144.8869778533224,14.479999999999999,724883.976259902,6181625.382349124,"[(724900.8800000008, 6181647.2), (724899.4800000008, 6181642.600000001), (724891.4800000008, 6181639.4), (724893.4800000008, 6181639.2), (724893.0800000008, 6181637.800000001), (724875.6800000007, 6181628.4), (724878.0800000008, 6181627.4), (724874.6800000007, 6181624.0), (724858.0800000008, 6181616.0), (724864.4800000008, 6181604.2), (724908.6800000007, 6181635.800000001), (724907.6800000007, 6181641.4), (724900.8800000008, 6181647.2)]"
122,building,467.1599999974109,110.56044874212708,5.710000000000001,724474.1220926456,6181626.5525244735,"[(724467.4800000008, 6181648.2), (724469.6800000007, 6181644.800000001), (724471.0800000008, 6181645.600000001), (724471.0800000008, 6181641.2), (724464.8800000008, 6181608.2), (724476.6800000007, 6181606.0), (724483.2800000007, 6181644.0), (724467.4800000008, 6181648.2)]"
123,building,170.03999999221648,61.27671540106654,7.800000000000001,724439.8627569991,6181646.492009723,"[(724447.0800000008, 6181653.0), (724430.2800000007, 6181651.0), (724430.6800000007, 6181647.0), (724434.4800000008, 6181646.800000001), (724435.2800000007, 6181638.600000001), (724444.6800000007, 6181639.2), (724443.8800000008, 6181645.800000001), (724449.2800000007, 6181646.600000001), (724447.0800000008, 6181653.0)]"
124,building,26.159999998412093,26.540427026634244,1.7300000000000004,724455.8283180437,6181654.443425074,"[(724453.4800000008, 6181659.4), (724451.8800000008, 6181656.800000001), (724454.6800000007, 6181651.600000001), (724459.8800000008, 6181652.600000001), (724459.6800000007, 6181655.4), (724454.2800000007, 6181655.4), (724453.4800000008, 6181659.4)]"
125,building,2361.3799999981584,190.83853789972352,14.990000000000002,724653.1690829382,6181639.2154186675,"[(724648.4800000008, 6181664.0), (724633.8800000008, 6181659.4), (724623.6800000007, 6181649.4), (724618.8800000008, 6181638.2), (724618.2800000007, 6181633.0), (724621.8800000008, 6181630.4), (724620.0800000008, 6181625.600000001), (724682.4800000008, 6181615.2), (724685.0800000008, 6181635.0), (724679.4800000008, 6181649.600000001), (724666.6800000007, 6181660.600000001), (724648.4800000008, 6181664.0)]"
126,building,995.6999999880559,206.9081637489992,10.98,724730.6465655661,6181630.654301498,"[(724739.2800000007, 6181665.600000001), (724728.4800000008, 6181661.2), (724738.2800000007, 6181633.800000001), (724741.8800000008, 6181631.4), (724697.4800000008, 6181617.0), (724700.4800000008, 6181606.2), (724754.0800000008, 6181623.600000001), (724750.6800000007, 6181633.2), (724747.2800000007, 6181634.0), (724749.2800000007, 6181637.0), (724739.2800000007, 6181665.600000001)]"
127,building,65.92000000131782,38.2595947874766,5.819999999999999,724722.6540089005,6181659.251092234,"[(724719.0800000008, 6181666.4), (724716.2800000007, 6181663.0), (724725.6800000007, 6181652.4), (724729.2800000007, 6181655.4), (724719.0800000008, 6181666.4)]"
128,building,127.26000000103144,50.4552716189444,8.209999999999999,724437.2446497988,6181664.159013044,"[(724438.8800000008, 6181670.2), (724432.4800000008, 6181668.4), (724432.2800000007, 6181665.800000001), (724430.2800000007, 6181667.600000001), (724431.0800000008, 6181659.0), (724429.8800000008, 6181658.800000001), (724429.8800000008, 6181658.4), (724444.2800000007, 6181660.0), (724442.4800000008, 6181670.0), (724438.8800000008, 6181670.2)]"
129,building,37.8400000008312,25.18751326217842,0.9899999999999993,724725.6800000007,6181666.9,"[(724724.8800000008, 6181671.4), (724721.2800000007, 6181668.0), (724726.4800000008, 6181662.4), (724730.0800000008, 6181665.800000001), (724724.8800000008, 6181671.4)]"
130,building,1444.5800000122795,288.6554182150235,12.970000000000002,724804.2318106774,6181653.419964282,"[(724770.2800000007, 6181675.0), (724767.4800000008, 6181671.0), (724780.6800000007, 6181632.4), (724856.2800000007, 6181657.0), (724855.8800000008, 6181663.2), (724844.4800000008, 6181661.600000001), (724842.6800000007, 6181665.600000001), (724804.8800000008, 6181653.4), (724807.6800000007, 6181666.600000001), (724797.2800000007, 6181667.800000001), (724795.6800000007, 6181657.2), (724804.4800000008, 6181654.4), (724797.2800000007, 6181655.2), (724795.8800000008, 6181650.4), (724788.6800000007, 6181647.0), (724780.2800000007, 6181673.0), (724770.2800000007, 6181675.0)]"
131,building,46.279999998612325,32.40638727038774,4.109999999999999,724447.8499510235,6181673.232209738,"[(724444.2800000007, 6181677.4), (724445.0800000008, 6181669.2), (724450.8800000008, 6181669.800000001), (724450.8800000008, 6181674.4), (724454.2800000007, 6181675.0), (724444.2800000007, 6181677.4)]"
132,building,685.3399999974204,168.59274342803585,0.030000000000001137,724937.8127263361,6181664.4563963385,"[(724959.8800000008, 6181687.600000001), (724956.6800000007, 6181685.2), (724954.8800000008, 6181686.2), (724956.4800000008, 6181683.4), (724945.0800000008, 6181677.800000001), (724947.4800000008, 6181677.0), (724945.4800000008, 6181675.4), (724941.2800000007, 6181675.600000001), (724944.2800000007, 6181675.2), (724941.6800000007, 6181672.600000001), (724931.4800000008, 6181669.2), (724928.4800000008, 6181666.600000001), (724930.0800000008, 6181664.600000001), (724921.8800000008, 6181661.600000001), (724925.2800000007, 6181661.2), (724921.0800000008, 6181658.0), (724910.0800000008, 6181653.600000001), (724917.0800000008, 6181642.2), (724964.6800000007, 6181676.800000001), (724959.8800000008, 6181687.600000001)]"
133,building,113.20000000054715,44.65133607677078,0.15000000000000036,724433.6896466442,6181683.942155478,"[(724435.0800000008, 6181691.2), (724428.2800000007, 6181688.0), (724429.4800000008, 6181676.600000001), (724432.6800000007, 6181679.0), (724438.8800000008, 6181677.4), (724438.0800000008, 6181688.800000001), (724435.0800000008, 6181691.2)]"
134,building,1557.359999987632,264.99077716512153,10.379999999999999,724510.7308552944,6181647.212328557,"[(724515.4800000008, 6181706.4), (724492.8800000008, 6181589.0), (724504.6800000007, 6181585.800000001), (724528.8800000008, 6181702.600000001), (724515.4800000008, 6181706.4)]"
135,building,152.15999999692195,55.59905550649662,6.1000000000000005,724449.2748300042,6181701.215229582,"[(724448.4800000008, 6181708.0), (724447.8800000008, 6181705.4), (724440.8800000008, 6181706.0), (724440.4800000008, 6181700.0), (724446.6800000007, 6181699.4), (724446.8800000008, 6181693.600000001), (724453.6800000007, 6181693.4), (724456.2800000007, 6181704.600000001), (724454.8800000008, 6181707.4), (724448.4800000008, 6181708.0)]"
136,building,145.46000000131085,62.48635319672641,5.6899999999999995,724465.8890654941,6181699.18988038,"[(724464.8800000008, 6181709.600000001), (724461.6800000007, 6181700.800000001), (724462.4800000008, 6181690.800000001), (724458.8800000008, 6181689.800000001), (724460.6800000007, 6181687.600000001), (724469.6800000007, 6181692.2), (724468.4800000008, 6181697.0), (724471.8800000008, 6181700.0), (724469.0800000008, 6181703.0), (724471.2800000007, 6181709.0), (724464.8800000008, 6181709.600000001)]"
137,building,463.18000000478236,104.14209856997161,5.54,724486.6550392226,6181691.838297567,"[(724483.8800000008, 6181711.800000001), (724478.2800000007, 6181676.4), (724477.4800000008, 6181674.4), (724476.4800000008, 6181674.0), (724476.4800000008, 6181673.600000001), (724488.6800000007, 6181671.0), (724496.0800000008, 6181710.2), (724483.8800000008, 6181711.800000001)]"
138,building,37.84000000275206,37.545741353161944,4.590000000000001,724432.9259478512,6181709.58407329,"[(724431.0800000008, 6181713.600000001), (724430.4800000008, 6181711.600000001), (724435.2800000007, 6181709.600000001), (724430.6800000007, 6181710.800000001), (724427.0800000008, 6181707.0), (724437.2800000007, 6181707.4), (724436.6800000007, 6181711.4), (724431.0800000008, 6181713.600000001)]"
139,building,33.08000000066124,24.957877927605953,2.3600000000000003,724756.0800000007,6181712.1000000015,"[(724754.6800000007, 6181716.600000001), (724753.6800000007, 6181708.0), (724757.4800000008, 6181707.600000001), (724758.4800000008, 6181716.2), (724754.6800000007, 6181716.600000001)]"
140,building,596.3999999970663,138.50834719727143,8.06,724898.203782697,6181695.583069529,"[(724902.0800000008, 6181719.600000001), (724896.0800000008, 6181718.2), (724894.6800000007, 6181693.0), (724887.8800000008, 6181693.4), (724887.8800000008, 6181677.800000001), (724885.2800000007, 6181673.600000001), (724890.8800000008, 6181672.600000001), (724890.2800000007, 6181670.4), (724898.8800000008, 6181669.600000001), (724901.0800000008, 6181696.600000001), (724906.4800000008, 6181696.600000001), (724908.6800000007, 6181704.2), (724910.2800000007, 6181718.600000001), (724902.0800000008, 6181719.600000001)]"
141,building,26.539999999864957,26.16882844235289,3.09,724592.5994674712,6181719.009997488,"[(724587.8800000008, 6181720.600000001), (724589.4800000008, 6181716.4), (724598.8800000008, 6181719.4), (724598.8800000008, 6181720.2), (724587.8800000008, 6181720.600000001)]"
142,building,82.02000000080558,46.20601364053482,6.53,724856.3620612867,6181717.798732017,"[(724853.4800000008, 6181724.0), (724851.6800000007, 6181713.0), (724859.2800000007, 6181712.0), (724861.2800000007, 6181722.800000001), (724858.8800000008, 6181723.2), (724857.0800000008, 6181718.4), (724857.2800000007, 6181723.4), (724853.4800000008, 6181724.0)]"
143,building,90.79999999911524,38.592228601401054,5.78,724838.9152422915,6181720.133920704,"[(724835.8800000008, 6181726.2), (724833.8800000008, 6181715.2), (724842.2800000007, 6181714.2), (724843.6800000007, 6181725.2), (724835.8800000008, 6181726.2)]"
144,building,132.69999999959254,48.349145678729556,4.13,724820.7991158009,6181722.253001759,"[(724819.0800000008, 6181728.800000001), (724814.2800000007, 6181725.0), (724813.2800000007, 6181718.600000001), (724820.4800000008, 6181717.800000001), (724824.4800000008, 6181713.4), (724827.8800000008, 6181726.4), (724819.0800000008, 6181728.800000001)]"
145,building,101.81999999662628,50.13826020869239,9.41,724804.2315615802,6181724.332416683,"[(724801.4800000008, 6181731.0), (724798.0800000008, 6181719.600000001), (724808.2800000007, 6181718.4), (724809.0800000008, 6181722.600000001), (724807.4800000008, 6181722.4), (724806.2800000007, 6181724.2), (724807.8800000008, 6181725.800000001), (724809.2800000007, 6181723.2), (724810.4800000008, 6181728.4), (724801.4800000008, 6181731.0)]"
146,building,81.19999999995343,36.27294156228969,6.26,724786.4543185558,6181725.60821018,"[(724783.0800000008, 6181731.2), (724781.8800000008, 6181721.0), (724789.8800000008, 6181720.2), (724791.0800000008, 6181730.0), (724783.0800000008, 6181731.2)]"
147,building,156.80000000050057,56.96266711556628,5.749999999999999,724747.4409863953,6181726.691292518,"[(724739.4800000008, 6181732.2), (724737.0800000008, 6181724.2), (724753.0800000008, 6181721.2), (724754.6800000007, 6181723.800000001), (724756.4800000008, 6181721.4), (724757.4800000008, 6181729.4), (724739.4800000008, 6181732.2)]"
148,building,81.79999999698484,36.305618820255475,6.12,724769.5310513455,6181727.899201305,"[(724765.6800000007, 6181733.0), (724764.2800000007, 6181723.600000001), (724773.8800000008, 6181723.600000001), (724774.8800000008, 6181731.4), (724765.6800000007, 6181733.0)]"
149,building,222.5400000019022,88.63795553879609,7.960000000000001,724442.6266762537,6181724.674149965,"[(724441.8800000008, 6181735.4), (724441.6800000007, 6181732.4), (724438.4800000008, 6181732.600000001), (724439.6800000007, 6181728.600000001), (724435.6800000007, 6181728.2), (724435.4800000008, 6181724.4), (724433.2800000007, 6181724.800000001), (724433.0800000008, 6181721.600000001), (724435.2800000007, 6181724.0), (724435.0800000008, 6181717.4), (724443.6800000007, 6181714.600000001), (724448.4800000008, 6181717.4), (724447.0800000008, 6181731.0), (724452.8800000008, 6181731.800000001), (724453.4800000008, 6181729.2), (724456.0800000008, 6181731.800000001), (724441.8800000008, 6181735.4)]"
150,building,88.94000000199536,41.19937762459123,6.029999999999999,724723.7049906311,6181733.03019264,"[(724721.6800000007, 6181740.800000001), (724719.6800000007, 6181726.2), (724725.8800000008, 6181725.600000001), (724727.6800000007, 6181739.600000001), (724721.6800000007, 6181740.800000001)]"
151,building,133.24000000154138,76.54038042427905,7.129999999999999,724466.4804202947,6181732.958400882,"[(724471.6800000007, 6181741.2), (724462.0800000008, 6181737.800000001), (724462.4800000008, 6181732.800000001), (724458.2800000007, 6181733.0), (724462.8800000008, 6181725.0), (724466.8800000008, 6181727.4), (724466.4800000008, 6181724.4), (724469.0800000008, 6181724.4), (724467.0800000008, 6181730.4), (724470.6800000007, 6181727.600000001), (724471.2800000007, 6181727.800000001), (724471.6800000007, 6181728.2), (724472.2800000007, 6181728.2), (724472.4800000008, 6181728.4), (724471.6800000007, 6181732.800000001), (724471.0800000008, 6181730.2), (724467.2800000007, 6181732.600000001), (724473.6800000007, 6181735.600000001), (724471.6800000007, 6181741.2)]"
152,building,279.31999999597434,95.52362045616917,8.21,724696.2441319404,6181735.30648241,"[(724693.2800000007, 6181745.0), (724686.0800000008, 6181743.4), (724686.2800000007, 6181740.800000001), (724692.6800000007, 6181741.2), (724692.0800000008, 6181728.800000001), (724686.4800000008, 6181730.0), (724684.4800000008, 6181729.600000001), (724683.6800000007, 6181724.4), (724695.2800000007, 6181722.800000001), (724695.0800000008, 6181727.0), (724708.4800000008, 6181737.800000001), (724708.6800000007, 6181742.800000001), (724693.2800000007, 6181745.0)]"
153,building,125.44000000087777,45.07747883053584,5.660000000000001,724673.7997916674,6181738.641592261,"[(724670.2800000007, 6181745.0), (724666.0800000008, 6181735.2), (724678.6800000007, 6181732.0), (724680.0800000008, 6181743.4), (724670.2800000007, 6181745.0)]"
154,building,353.839999992298,76.0543171095043,11.57,724488.3331313594,6181735.236129325,"[(724478.8800000008, 6181746.4), (724478.2800000007, 6181728.600000001), (724497.6800000007, 6181723.800000001), (724498.2800000007, 6181742.2), (724478.8800000008, 6181746.4)]"
155,building,118.46000000186963,44.454059807102645,7.489999999999999,724431.8028769213,6181741.129877877,"[(724425.2800000007, 6181746.4), (724425.8800000008, 6181736.2), (724439.2800000007, 6181737.0), (724437.6800000007, 6181745.2), (724425.2800000007, 6181746.4)]"
156,building,111.74000000348548,41.83243547308871,3.8199999999999994,724653.888448184,6181741.53598234,"[(724651.4800000008, 6181747.600000001), (724647.6800000007, 6181741.4), (724647.6800000007, 6181740.0), (724647.2800000007, 6181738.600000001), (724647.4800000008, 6181738.4), (724647.2800000007, 6181738.2), (724647.2800000007, 6181737.2), (724658.4800000008, 6181736.0), (724660.0800000008, 6181746.0), (724651.4800000008, 6181747.600000001)]"
157,building,165.5600000001001,72.50772167442035,9.02,724621.1577482491,6181741.600539583,"[(724614.0800000008, 6181748.800000001), (724612.2800000007, 6181738.800000001), (724620.8800000008, 6181738.600000001), (724621.2800000007, 6181732.800000001), (724625.4800000008, 6181732.600000001), (724626.4800000008, 6181739.0), (724628.4800000008, 6181737.4), (724632.0800000008, 6181740.4), (724630.6800000007, 6181743.800000001), (724625.4800000008, 6181739.4), (724625.6800000007, 6181747.2), (724614.0800000008, 6181748.800000001)]"
158,building,124.0999999964959,43.20369730785356,1.1099999999999994,724639.3226967506,6181745.174439969,"[(724635.8800000008, 6181752.0), (724632.6800000007, 6181741.4), (724638.2800000007, 6181738.600000001), (724644.0800000008, 6181740.0), (724645.4800000008, 6181750.0), (724635.8800000008, 6181752.0)]"
159,building,2616.7599999807403,506.33183909017623,21.130000000000003,724582.8597841619,6181692.810331354,"[(724575.8800000008, 6181760.0), (724568.0800000008, 6181732.600000001), (724571.2800000007, 6181731.600000001), (724567.8800000008, 6181729.0), (724561.8800000008, 6181678.800000001), (724555.4800000008, 6181653.600000001), (724597.8800000008, 6181648.4), (724607.4800000008, 6181659.4), (724606.8800000008, 6181662.4), (724611.8800000008, 6181660.4), (724632.0800000008, 6181685.600000001), (724617.8800000008, 6181686.800000001), (724600.0800000008, 6181661.0), (724575.0800000008, 6181665.0), (724576.2800000007, 6181672.600000001), (724587.0800000008, 6181684.800000001), (724585.2800000007, 6181678.800000001), (724587.4800000008, 6181677.0), (724590.8800000008, 6181680.4), (724598.6800000007, 6181673.800000001), (724602.4800000008, 6181678.2), (724576.0800000008, 6181699.2), (724579.6800000007, 6181708.800000001), (724576.2800000007, 6181711.600000001), (724579.6800000007, 6181727.4), (724574.4800000008, 6181728.600000001), (724579.2800000007, 6181738.0), (724595.4800000008, 6181733.800000001), (724597.2800000007, 6181740.800000001), (724583.0800000008, 6181744.0), (724582.2800000007, 6181748.0), (724597.8800000008, 6181748.2), (724599.0800000008, 6181756.800000001), (724575.8800000008, 6181760.0)]"
160,building,202.0599999945122,61.82881669024748,7.6000000000000005,724869.3351189425,6181752.840139894,"[(724860.8800000008, 6181760.4), (724858.4800000008, 6181754.2), (724864.2800000007, 6181752.800000001), (724863.6800000007, 6181746.800000001), (724876.4800000008, 6181744.600000001), (724878.0800000008, 6181757.2), (724860.8800000008, 6181760.4)]"
161,building,112.96000000264962,44.06095004019926,6.330000000000001,724839.9901038721,6181755.14523135,"[(724834.0800000008, 6181760.800000001), (724833.0800000008, 6181751.2), (724846.8800000008, 6181750.800000001), (724847.4800000008, 6181757.600000001), (724834.0800000008, 6181760.800000001)]"
162,building,84.8799999974831,39.70830771684204,1.419999999999999,724429.0617153638,6181757.542648447,"[(724425.0800000008, 6181763.0), (724425.2800000007, 6181759.0), (724425.0800000008, 6181758.2), (724425.2800000007, 6181757.600000001), (724425.0800000008, 6181757.4), (724425.2800000007, 6181756.0), (724425.0800000008, 6181755.600000001), (724425.2800000007, 6181755.2), (724425.0800000008, 6181754.4), (724425.2800000007, 6181753.600000001), (724425.0800000008, 6181753.2), (724425.2800000007, 6181752.600000001), (724425.0800000008, 6181752.4), (724425.0800000008, 6181751.600000001), (724431.2800000007, 6181751.800000001), (724432.0800000008, 6181756.600000001), (724435.0800000008, 6181756.800000001), (724432.4800000008, 6181762.600000001), (724425.0800000008, 6181763.0)]"
163,building,98.8000000035856,39.87592996101064,6.780000000000001,724812.3189743599,6181762.314871795,"[(724807.8800000008, 6181768.2), (724806.6800000007, 6181758.2), (724817.0800000008, 6181757.0), (724818.0800000008, 6181765.800000001), (724807.8800000008, 6181768.2)]"
164,building,671.6000000005355,162.35224300625217,12.760000000000002,724532.627063729,6181745.79850109,"[(724528.2800000007, 6181771.2), (724527.6800000007, 6181764.0), (724532.2800000007, 6181763.2), (724532.0800000008, 6181759.600000001), (724532.6800000007, 6181763.0), (724533.2800000007, 6181763.0), (724532.4800000008, 6181754.800000001), (724530.8800000008, 6181750.4), (724523.8800000008, 6181750.2), (724522.8800000008, 6181745.4), (724525.2800000007, 6181743.800000001), (724521.8800000008, 6181737.2), (724524.2800000007, 6181733.800000001), (724520.0800000008, 6181721.0), (724530.8800000008, 6181717.4), (724534.6800000007, 6181736.0), (724538.0800000008, 6181736.600000001), (724539.2800000007, 6181740.800000001), (724537.4800000008, 6181744.4), (724540.8800000008, 6181742.4), (724545.0800000008, 6181769.0), (724528.2800000007, 6181771.2)]"
165,building,204.6599999956647,66.36721842102212,14.190000000000001,724510.3927854336,6181766.157242907,"[(724502.4800000008, 6181772.800000001), (724501.8800000008, 6181764.2), (724505.8800000008, 6181763.800000001), (724501.6800000007, 6181762.600000001), (724501.2800000007, 6181758.800000001), (724519.4800000008, 6181761.800000001), (724520.0800000008, 6181771.2), (724502.4800000008, 6181772.800000001)]"
166,building,142.6200000058231,62.42759330726716,6.3100000000000005,724457.1938877213,6181765.665002571,"[(724460.8800000008, 6181772.800000001), (724451.6800000007, 6181770.800000001), (724450.0800000008, 6181764.800000001), (724450.8800000008, 6181756.800000001), (724451.6800000007, 6181765.4), (724454.8800000008, 6181758.2), (724465.0800000008, 6181762.4), (724460.8800000008, 6181772.800000001)]"
167,building,275.99999999435386,75.45369098051164,11.770000000000001,724482.9250434788,6181766.096927538,"[(724473.8800000008, 6181774.2), (724475.6800000007, 6181754.4), (724484.6800000007, 6181756.600000001), (724483.4800000008, 6181762.600000001), (724493.6800000007, 6181763.0), (724494.2800000007, 6181771.600000001), (724493.6800000007, 6181773.0), (724473.8800000008, 6181774.2)]"
168,building,79.53999999636086,36.09693426670492,3.8599999999999994,724796.725545219,6181769.88830777,"[(724792.0800000008, 6181774.4), (724791.0800000008, 6181766.800000001), (724801.4800000008, 6181765.4), (724802.2800000007, 6181773.0), (724792.0800000008, 6181774.4)]"
169,building,151.34000000207686,46.70683957130652,3.0,724441.7766565356,6181767.878498745,"[(724442.4800000008, 6181774.4), (724434.2800000007, 6181771.800000001), (724435.6800000007, 6181762.4), (724442.4800000008, 6181761.4), (724449.4800000008, 6181764.800000001), (724448.0800000008, 6181772.800000001), (724442.4800000008, 6181774.4)]"
170,building,112.80000000091968,44.9249459108328,7.07,724777.2415957456,6181771.2862765975,"[(724778.6800000007, 6181778.2), (724778.0800000008, 6181775.800000001), (724772.4800000008, 6181776.0), (724771.0800000008, 6181766.4), (724781.4800000008, 6181765.2), (724782.6800000007, 6181777.800000001), (724778.6800000007, 6181778.2)]"
171,building,119.93999999772294,43.37417718288769,8.670000000000002,724743.4875371028,6181772.211605804,"[(724744.2800000007, 6181778.800000001), (724738.8800000008, 6181777.0), (724737.6800000007, 6181766.800000001), (724747.4800000008, 6181765.600000001), (724749.0800000008, 6181778.2), (724744.2800000007, 6181778.800000001)]"
172,building,93.79999999888241,38.75156225776354,4.900000000000001,724759.7800000008,6181774.599999999,"[(724755.4800000008, 6181780.0), (724754.2800000007, 6181770.600000001), (724764.0800000008, 6181769.2), (724765.2800000007, 6181778.600000001), (724755.4800000008, 6181780.0)]"
173,building,22.73999999910826,29.166780197395838,9.540000000000001,724606.8189621822,6181783.031838171,"[(724599.4800000008, 6181784.2), (724600.0800000008, 6181783.0), (724606.8800000008, 6181782.600000001), (724610.8800000008, 6181780.0), (724611.4800000008, 6181784.2), (724599.4800000008, 6181784.2)]"
174,building,35.2799999970058,35.09603643864628,13.810000000000002,724585.4008994722,6181782.905820106,"[(724583.0800000008, 6181784.2), (724576.8800000008, 6181784.0), (724576.8800000008, 6181782.600000001), (724592.0800000008, 6181781.0), (724592.2800000007, 6181784.0), (724583.0800000008, 6181784.2)]"
175,building,103.78000000000932,40.84039364154813,6.210000000000001,724661.2275171845,6181779.365516799,"[(724656.6800000007, 6181784.4), (724655.2800000007, 6181775.0), (724665.6800000007, 6181773.800000001), (724666.8800000008, 6181784.4), (724656.6800000007, 6181784.4)]"
176,building,55.640000001646115,31.196644130532896,3.4099999999999993,724624.8862784576,6181781.67117182,"[(724631.0800000008, 6181784.4), (724619.6800000007, 6181784.2), (724619.0800000008, 6181782.2), (724621.0800000008, 6181779.0), (724628.0800000008, 6181778.2), (724631.0800000008, 6181784.4)]"
177,building,69.29999999911524,33.867409486967404,3.26,724725.0958730166,6181780.826839828,"[(724720.6800000007, 6181784.600000001), (724719.4800000008, 6181778.0), (724729.4800000008, 6181776.800000001), (724730.4800000008, 6181784.0), (724720.6800000007, 6181784.600000001)]"
178,building,74.28000000317581,49.08592585819432,8.89,724686.4549955133,6181782.515437086,"[(724687.2800000007, 6181784.600000001), (724680.6800000007, 6181784.4), (724680.4800000008, 6181782.2), (724679.6800000007, 6181784.4), (724675.8800000008, 6181784.4), (724675.4800000008, 6181782.2), (724689.8800000008, 6181779.4), (724695.0800000008, 6181781.4), (724695.6800000007, 6181784.600000001), (724687.2800000007, 6181784.600000001)]"
